<application>
  <component name="AndroidLogcatFilterHistory">
    <option name="mostRecentlyUsed" value="level:error" />
    <option name="nonFavorites">
      <list>
        <option value="level:error" />
        <option value="level:error " />
        <option value="tag:VisionSubsystem" />
        <option value="tag:FlywheelSubsystem " />
        <option value="Flywheel" />
        <option value="FlywheelSubsystem" />
        <option value="package:Flywheel" />
        <option value="package:mine " />
        <option value="message:HardwareSubsystem" />
        <option value="HardwareSubsystem" />
      </list>
    </option>
  </component>
</application>