<application>
  <component name="ProjectJdkTable">
    <jdk version="2">
      <name value="Android API 36.0, extension level 17 Platform" />
      <type value="Android SDK" />
      <homePath value="$USER_HOME$/AppData/Local/Android/Sdk" />
      <roots>
        <annotationsPath>
          <root type="composite">
            <root url="jar://$USER_HOME$/AppData/Local/Android/Sdk/platforms/android-36/data/annotations.zip!/" type="simple" />
          </root>
        </annotationsPath>
        <classPath>
          <root type="composite">
            <root url="jar://$USER_HOME$/AppData/Local/Android/Sdk/platforms/android-36/android.jar!/" type="simple" />
            <root url="file://$USER_HOME$/AppData/Local/Android/Sdk/platforms/android-36/data/res" type="simple" />
          </root>
        </classPath>
        <javadocPath>
          <root type="composite" />
        </javadocPath>
        <sourcePath>
          <root type="composite">
            <root url="file://$USER_HOME$/AppData/Local/Android/Sdk/sources/android-36" type="simple" />
          </root>
        </sourcePath>
      </roots>
      <additional sdk="android-36" />
    </jdk>
    <jdk version="2">
      <name value="jbr-21" />
      <type value="JavaSDK" />
      <version value="JetBrains Runtime 21.0.8" />
      <homePath value="$APPLICATION_HOME_DIR$/jbr" />
      <roots>
        <annotationsPath>
          <root type="composite">
            <root url="jar://$APPLICATION_HOME_DIR$/plugins/java/lib/resources/jdkAnnotations.jar!/" type="simple" />
          </root>
        </annotationsPath>
        <classPath>
          <root type="composite">
            <root url="jrt://$APPLICATION_HOME_DIR$/jbr!/java.base" type="simple" />
            <root url="jrt://$APPLICATION_HOME_DIR$/jbr!/java.compiler" type="simple" />
            <root url="jrt://$APPLICATION_HOME_DIR$/jbr!/java.datatransfer" type="simple" />
            <root url="jrt://$APPLICATION_HOME_DIR$/jbr!/java.desktop" type="simple" />
            <root url="jrt://$APPLICATION_HOME_DIR$/jbr!/java.instrument" type="simple" />
            <root url="jrt://$APPLICATION_HOME_DIR$/jbr!/java.logging" type="simple" />
            <root url="jrt://$APPLICATION_HOME_DIR$/jbr!/java.management" type="simple" />
            <root url="jrt://$APPLICATION_HOME_DIR$/jbr!/java.management.rmi" type="simple" />
            <root url="jrt://$APPLICATION_HOME_DIR$/jbr!/java.naming" type="simple" />
            <root url="jrt://$APPLICATION_HOME_DIR$/jbr!/java.net.http" type="simple" />
            <root url="jrt://$APPLICATION_HOME_DIR$/jbr!/java.prefs" type="simple" />
            <root url="jrt://$APPLICATION_HOME_DIR$/jbr!/java.rmi" type="simple" />
            <root url="jrt://$APPLICATION_HOME_DIR$/jbr!/java.scripting" type="simple" />
            <root url="jrt://$APPLICATION_HOME_DIR$/jbr!/java.se" type="simple" />
            <root url="jrt://$APPLICATION_HOME_DIR$/jbr!/java.security.jgss" type="simple" />
            <root url="jrt://$APPLICATION_HOME_DIR$/jbr!/java.security.sasl" type="simple" />
            <root url="jrt://$APPLICATION_HOME_DIR$/jbr!/java.smartcardio" type="simple" />
            <root url="jrt://$APPLICATION_HOME_DIR$/jbr!/java.sql" type="simple" />
            <root url="jrt://$APPLICATION_HOME_DIR$/jbr!/java.sql.rowset" type="simple" />
            <root url="jrt://$APPLICATION_HOME_DIR$/jbr!/java.transaction.xa" type="simple" />
            <root url="jrt://$APPLICATION_HOME_DIR$/jbr!/java.xml" type="simple" />
            <root url="jrt://$APPLICATION_HOME_DIR$/jbr!/java.xml.crypto" type="simple" />
            <root url="jrt://$APPLICATION_HOME_DIR$/jbr!/jdk.accessibility" type="simple" />
            <root url="jrt://$APPLICATION_HOME_DIR$/jbr!/jdk.attach" type="simple" />
            <root url="jrt://$APPLICATION_HOME_DIR$/jbr!/jdk.charsets" type="simple" />
            <root url="jrt://$APPLICATION_HOME_DIR$/jbr!/jdk.compiler" type="simple" />
            <root url="jrt://$APPLICATION_HOME_DIR$/jbr!/jdk.crypto.cryptoki" type="simple" />
            <root url="jrt://$APPLICATION_HOME_DIR$/jbr!/jdk.crypto.ec" type="simple" />
            <root url="jrt://$APPLICATION_HOME_DIR$/jbr!/jdk.dynalink" type="simple" />
            <root url="jrt://$APPLICATION_HOME_DIR$/jbr!/jdk.hotspot.agent" type="simple" />
            <root url="jrt://$APPLICATION_HOME_DIR$/jbr!/jdk.httpserver" type="simple" />
            <root url="jrt://$APPLICATION_HOME_DIR$/jbr!/jdk.internal.ed" type="simple" />
            <root url="jrt://$APPLICATION_HOME_DIR$/jbr!/jdk.internal.jvmstat" type="simple" />
            <root url="jrt://$APPLICATION_HOME_DIR$/jbr!/jdk.internal.le" type="simple" />
            <root url="jrt://$APPLICATION_HOME_DIR$/jbr!/jdk.internal.opt" type="simple" />
            <root url="jrt://$APPLICATION_HOME_DIR$/jbr!/jdk.internal.vm.ci" type="simple" />
            <root url="jrt://$APPLICATION_HOME_DIR$/jbr!/jdk.jartool" type="simple" />
            <root url="jrt://$APPLICATION_HOME_DIR$/jbr!/jdk.javadoc" type="simple" />
            <root url="jrt://$APPLICATION_HOME_DIR$/jbr!/jdk.jcmd" type="simple" />
            <root url="jrt://$APPLICATION_HOME_DIR$/jbr!/jdk.jdeps" type="simple" />
            <root url="jrt://$APPLICATION_HOME_DIR$/jbr!/jdk.jdi" type="simple" />
            <root url="jrt://$APPLICATION_HOME_DIR$/jbr!/jdk.jdwp.agent" type="simple" />
            <root url="jrt://$APPLICATION_HOME_DIR$/jbr!/jdk.jfr" type="simple" />
            <root url="jrt://$APPLICATION_HOME_DIR$/jbr!/jdk.jlink" type="simple" />
            <root url="jrt://$APPLICATION_HOME_DIR$/jbr!/jdk.jsobject" type="simple" />
            <root url="jrt://$APPLICATION_HOME_DIR$/jbr!/jdk.localedata" type="simple" />
            <root url="jrt://$APPLICATION_HOME_DIR$/jbr!/jdk.management" type="simple" />
            <root url="jrt://$APPLICATION_HOME_DIR$/jbr!/jdk.management.agent" type="simple" />
            <root url="jrt://$APPLICATION_HOME_DIR$/jbr!/jdk.management.jfr" type="simple" />
            <root url="jrt://$APPLICATION_HOME_DIR$/jbr!/jdk.naming.dns" type="simple" />
            <root url="jrt://$APPLICATION_HOME_DIR$/jbr!/jdk.naming.rmi" type="simple" />
            <root url="jrt://$APPLICATION_HOME_DIR$/jbr!/jdk.net" type="simple" />
            <root url="jrt://$APPLICATION_HOME_DIR$/jbr!/jdk.sctp" type="simple" />
            <root url="jrt://$APPLICATION_HOME_DIR$/jbr!/jdk.security.auth" type="simple" />
            <root url="jrt://$APPLICATION_HOME_DIR$/jbr!/jdk.security.jgss" type="simple" />
            <root url="jrt://$APPLICATION_HOME_DIR$/jbr!/jdk.unsupported" type="simple" />
            <root url="jrt://$APPLICATION_HOME_DIR$/jbr!/jdk.unsupported.desktop" type="simple" />
            <root url="jrt://$APPLICATION_HOME_DIR$/jbr!/jdk.xml.dom" type="simple" />
            <root url="jrt://$APPLICATION_HOME_DIR$/jbr!/jdk.zipfs" type="simple" />
          </root>
        </classPath>
        <javadocPath>
          <root type="composite" />
        </javadocPath>
        <sourcePath>
          <root type="composite" />
        </sourcePath>
      </roots>
    </jdk>
    <jdk version="2">
      <name value="Android API 30 Platform" />
      <type value="Android SDK" />
      <homePath value="$USER_HOME$/AppData/Local/Android/Sdk" />
      <roots>
        <annotationsPath>
          <root type="composite">
            <root url="jar://$USER_HOME$/AppData/Local/Android/Sdk/platforms/android-30/data/annotations.zip!/" type="simple" />
          </root>
        </annotationsPath>
        <classPath>
          <root type="composite">
            <root url="jar://$USER_HOME$/AppData/Local/Android/Sdk/platforms/android-30/android.jar!/" type="simple" />
            <root url="file://$USER_HOME$/AppData/Local/Android/Sdk/platforms/android-30/data/res" type="simple" />
          </root>
        </classPath>
        <javadocPath>
          <root type="composite">
            <root url="http://developer.android.com/reference/" type="simple" />
          </root>
        </javadocPath>
        <sourcePath>
          <root type="composite" />
        </sourcePath>
      </roots>
      <additional sdk="android-30" />
    </jdk>
    <jdk version="2">
      <name value="Android API 29 Platform" />
      <type value="Android SDK" />
      <homePath value="$USER_HOME$/AppData/Local/Android/Sdk" />
      <roots>
        <annotationsPath>
          <root type="composite">
            <root url="jar://$USER_HOME$/AppData/Local/Android/Sdk/platforms/android-29/data/annotations.zip!/" type="simple" />
          </root>
        </annotationsPath>
        <classPath>
          <root type="composite">
            <root url="jar://$USER_HOME$/AppData/Local/Android/Sdk/platforms/android-29/android.jar!/" type="simple" />
            <root url="file://$USER_HOME$/AppData/Local/Android/Sdk/platforms/android-29/data/res" type="simple" />
          </root>
        </classPath>
        <javadocPath>
          <root type="composite">
            <root url="http://developer.android.com/reference/" type="simple" />
          </root>
        </javadocPath>
        <sourcePath>
          <root type="composite" />
        </sourcePath>
      </roots>
      <additional sdk="android-29" />
    </jdk>
    <jdk version="2">
      <name value="Android API 35, extension level 13 Platform" />
      <type value="Android SDK" />
      <homePath value="$USER_HOME$/AppData/Local/Android/Sdk" />
      <roots>
        <annotationsPath>
          <root type="composite">
            <root url="jar://$USER_HOME$/AppData/Local/Android/Sdk/platforms/android-35/data/annotations.zip!/" type="simple" />
          </root>
        </annotationsPath>
        <classPath>
          <root type="composite">
            <root url="jar://$USER_HOME$/AppData/Local/Android/Sdk/platforms/android-35/android.jar!/" type="simple" />
            <root url="file://$USER_HOME$/AppData/Local/Android/Sdk/platforms/android-35/data/res" type="simple" />
          </root>
        </classPath>
        <javadocPath>
          <root type="composite">
            <root url="http://developer.android.com/reference/" type="simple" />
          </root>
        </javadocPath>
        <sourcePath>
          <root type="composite" />
        </sourcePath>
      </roots>
      <additional sdk="android-35" />
    </jdk>
    <jdk version="2">
      <name value="Android API 34, extension level 7 Platform" />
      <type value="Android SDK" />
      <homePath value="$USER_HOME$/AppData/Local/Android/Sdk" />
      <roots>
        <annotationsPath>
          <root type="composite">
            <root url="jar://$USER_HOME$/AppData/Local/Android/Sdk/platforms/android-34/data/annotations.zip!/" type="simple" />
          </root>
        </annotationsPath>
        <classPath>
          <root type="composite">
            <root url="jar://$USER_HOME$/AppData/Local/Android/Sdk/platforms/android-34/android.jar!/" type="simple" />
            <root url="file://$USER_HOME$/AppData/Local/Android/Sdk/platforms/android-34/data/res" type="simple" />
          </root>
        </classPath>
        <javadocPath>
          <root type="composite">
            <root url="http://developer.android.com/reference/" type="simple" />
          </root>
        </javadocPath>
        <sourcePath>
          <root type="composite" />
        </sourcePath>
      </roots>
      <additional sdk="android-34" />
    </jdk>
    <jdk version="2">
      <name value="ms-17" />
      <type value="JavaSDK" />
      <version value="Microsoft OpenJDK 17.0.16" />
      <homePath value="$USER_HOME$/.jdks/ms-17.0.16" />
      <roots>
        <annotationsPath>
          <root type="composite">
            <root url="jar://$APPLICATION_HOME_DIR$/plugins/java/lib/resources/jdkAnnotations.jar!/" type="simple" />
          </root>
        </annotationsPath>
        <classPath>
          <root type="composite">
            <root url="jrt://$USER_HOME$/.jdks/ms-17.0.16!/java.base" type="simple" />
            <root url="jrt://$USER_HOME$/.jdks/ms-17.0.16!/java.compiler" type="simple" />
            <root url="jrt://$USER_HOME$/.jdks/ms-17.0.16!/java.datatransfer" type="simple" />
            <root url="jrt://$USER_HOME$/.jdks/ms-17.0.16!/java.desktop" type="simple" />
            <root url="jrt://$USER_HOME$/.jdks/ms-17.0.16!/java.instrument" type="simple" />
            <root url="jrt://$USER_HOME$/.jdks/ms-17.0.16!/java.logging" type="simple" />
            <root url="jrt://$USER_HOME$/.jdks/ms-17.0.16!/java.management" type="simple" />
            <root url="jrt://$USER_HOME$/.jdks/ms-17.0.16!/java.management.rmi" type="simple" />
            <root url="jrt://$USER_HOME$/.jdks/ms-17.0.16!/java.naming" type="simple" />
            <root url="jrt://$USER_HOME$/.jdks/ms-17.0.16!/java.net.http" type="simple" />
            <root url="jrt://$USER_HOME$/.jdks/ms-17.0.16!/java.prefs" type="simple" />
            <root url="jrt://$USER_HOME$/.jdks/ms-17.0.16!/java.rmi" type="simple" />
            <root url="jrt://$USER_HOME$/.jdks/ms-17.0.16!/java.scripting" type="simple" />
            <root url="jrt://$USER_HOME$/.jdks/ms-17.0.16!/java.se" type="simple" />
            <root url="jrt://$USER_HOME$/.jdks/ms-17.0.16!/java.security.jgss" type="simple" />
            <root url="jrt://$USER_HOME$/.jdks/ms-17.0.16!/java.security.sasl" type="simple" />
            <root url="jrt://$USER_HOME$/.jdks/ms-17.0.16!/java.smartcardio" type="simple" />
            <root url="jrt://$USER_HOME$/.jdks/ms-17.0.16!/java.sql" type="simple" />
            <root url="jrt://$USER_HOME$/.jdks/ms-17.0.16!/java.sql.rowset" type="simple" />
            <root url="jrt://$USER_HOME$/.jdks/ms-17.0.16!/java.transaction.xa" type="simple" />
            <root url="jrt://$USER_HOME$/.jdks/ms-17.0.16!/java.xml" type="simple" />
            <root url="jrt://$USER_HOME$/.jdks/ms-17.0.16!/java.xml.crypto" type="simple" />
            <root url="jrt://$USER_HOME$/.jdks/ms-17.0.16!/jdk.accessibility" type="simple" />
            <root url="jrt://$USER_HOME$/.jdks/ms-17.0.16!/jdk.attach" type="simple" />
            <root url="jrt://$USER_HOME$/.jdks/ms-17.0.16!/jdk.charsets" type="simple" />
            <root url="jrt://$USER_HOME$/.jdks/ms-17.0.16!/jdk.compiler" type="simple" />
            <root url="jrt://$USER_HOME$/.jdks/ms-17.0.16!/jdk.crypto.cryptoki" type="simple" />
            <root url="jrt://$USER_HOME$/.jdks/ms-17.0.16!/jdk.crypto.ec" type="simple" />
            <root url="jrt://$USER_HOME$/.jdks/ms-17.0.16!/jdk.crypto.mscapi" type="simple" />
            <root url="jrt://$USER_HOME$/.jdks/ms-17.0.16!/jdk.dynalink" type="simple" />
            <root url="jrt://$USER_HOME$/.jdks/ms-17.0.16!/jdk.editpad" type="simple" />
            <root url="jrt://$USER_HOME$/.jdks/ms-17.0.16!/jdk.hotspot.agent" type="simple" />
            <root url="jrt://$USER_HOME$/.jdks/ms-17.0.16!/jdk.httpserver" type="simple" />
            <root url="jrt://$USER_HOME$/.jdks/ms-17.0.16!/jdk.incubator.foreign" type="simple" />
            <root url="jrt://$USER_HOME$/.jdks/ms-17.0.16!/jdk.incubator.vector" type="simple" />
            <root url="jrt://$USER_HOME$/.jdks/ms-17.0.16!/jdk.internal.ed" type="simple" />
            <root url="jrt://$USER_HOME$/.jdks/ms-17.0.16!/jdk.internal.jvmstat" type="simple" />
            <root url="jrt://$USER_HOME$/.jdks/ms-17.0.16!/jdk.internal.le" type="simple" />
            <root url="jrt://$USER_HOME$/.jdks/ms-17.0.16!/jdk.internal.opt" type="simple" />
            <root url="jrt://$USER_HOME$/.jdks/ms-17.0.16!/jdk.internal.vm.ci" type="simple" />
            <root url="jrt://$USER_HOME$/.jdks/ms-17.0.16!/jdk.internal.vm.compiler" type="simple" />
            <root url="jrt://$USER_HOME$/.jdks/ms-17.0.16!/jdk.internal.vm.compiler.management" type="simple" />
            <root url="jrt://$USER_HOME$/.jdks/ms-17.0.16!/jdk.jartool" type="simple" />
            <root url="jrt://$USER_HOME$/.jdks/ms-17.0.16!/jdk.javadoc" type="simple" />
            <root url="jrt://$USER_HOME$/.jdks/ms-17.0.16!/jdk.jcmd" type="simple" />
            <root url="jrt://$USER_HOME$/.jdks/ms-17.0.16!/jdk.jconsole" type="simple" />
            <root url="jrt://$USER_HOME$/.jdks/ms-17.0.16!/jdk.jdeps" type="simple" />
            <root url="jrt://$USER_HOME$/.jdks/ms-17.0.16!/jdk.jdi" type="simple" />
            <root url="jrt://$USER_HOME$/.jdks/ms-17.0.16!/jdk.jdwp.agent" type="simple" />
            <root url="jrt://$USER_HOME$/.jdks/ms-17.0.16!/jdk.jfr" type="simple" />
            <root url="jrt://$USER_HOME$/.jdks/ms-17.0.16!/jdk.jlink" type="simple" />
            <root url="jrt://$USER_HOME$/.jdks/ms-17.0.16!/jdk.jpackage" type="simple" />
            <root url="jrt://$USER_HOME$/.jdks/ms-17.0.16!/jdk.jshell" type="simple" />
            <root url="jrt://$USER_HOME$/.jdks/ms-17.0.16!/jdk.jsobject" type="simple" />
            <root url="jrt://$USER_HOME$/.jdks/ms-17.0.16!/jdk.jstatd" type="simple" />
            <root url="jrt://$USER_HOME$/.jdks/ms-17.0.16!/jdk.localedata" type="simple" />
            <root url="jrt://$USER_HOME$/.jdks/ms-17.0.16!/jdk.management" type="simple" />
            <root url="jrt://$USER_HOME$/.jdks/ms-17.0.16!/jdk.management.agent" type="simple" />
            <root url="jrt://$USER_HOME$/.jdks/ms-17.0.16!/jdk.management.jfr" type="simple" />
            <root url="jrt://$USER_HOME$/.jdks/ms-17.0.16!/jdk.naming.dns" type="simple" />
            <root url="jrt://$USER_HOME$/.jdks/ms-17.0.16!/jdk.naming.rmi" type="simple" />
            <root url="jrt://$USER_HOME$/.jdks/ms-17.0.16!/jdk.net" type="simple" />
            <root url="jrt://$USER_HOME$/.jdks/ms-17.0.16!/jdk.nio.mapmode" type="simple" />
            <root url="jrt://$USER_HOME$/.jdks/ms-17.0.16!/jdk.random" type="simple" />
            <root url="jrt://$USER_HOME$/.jdks/ms-17.0.16!/jdk.sctp" type="simple" />
            <root url="jrt://$USER_HOME$/.jdks/ms-17.0.16!/jdk.security.auth" type="simple" />
            <root url="jrt://$USER_HOME$/.jdks/ms-17.0.16!/jdk.security.jgss" type="simple" />
            <root url="jrt://$USER_HOME$/.jdks/ms-17.0.16!/jdk.unsupported" type="simple" />
            <root url="jrt://$USER_HOME$/.jdks/ms-17.0.16!/jdk.unsupported.desktop" type="simple" />
            <root url="jrt://$USER_HOME$/.jdks/ms-17.0.16!/jdk.xml.dom" type="simple" />
            <root url="jrt://$USER_HOME$/.jdks/ms-17.0.16!/jdk.zipfs" type="simple" />
          </root>
        </classPath>
        <javadocPath>
          <root type="composite" />
        </javadocPath>
        <sourcePath>
          <root type="composite">
            <root url="jar://$USER_HOME$/.jdks/ms-17.0.16/lib/src.zip!/java.se" type="simple" />
            <root url="jar://$USER_HOME$/.jdks/ms-17.0.16/lib/src.zip!/jdk.jdi" type="simple" />
            <root url="jar://$USER_HOME$/.jdks/ms-17.0.16/lib/src.zip!/jdk.jfr" type="simple" />
            <root url="jar://$USER_HOME$/.jdks/ms-17.0.16/lib/src.zip!/jdk.net" type="simple" />
            <root url="jar://$USER_HOME$/.jdks/ms-17.0.16/lib/src.zip!/java.rmi" type="simple" />
            <root url="jar://$USER_HOME$/.jdks/ms-17.0.16/lib/src.zip!/java.sql" type="simple" />
            <root url="jar://$USER_HOME$/.jdks/ms-17.0.16/lib/src.zip!/java.xml" type="simple" />
            <root url="jar://$USER_HOME$/.jdks/ms-17.0.16/lib/src.zip!/jdk.jcmd" type="simple" />
            <root url="jar://$USER_HOME$/.jdks/ms-17.0.16/lib/src.zip!/jdk.sctp" type="simple" />
            <root url="jar://$USER_HOME$/.jdks/ms-17.0.16/lib/src.zip!/java.base" type="simple" />
            <root url="jar://$USER_HOME$/.jdks/ms-17.0.16/lib/src.zip!/jdk.jdeps" type="simple" />
            <root url="jar://$USER_HOME$/.jdks/ms-17.0.16/lib/src.zip!/jdk.jlink" type="simple" />
            <root url="jar://$USER_HOME$/.jdks/ms-17.0.16/lib/src.zip!/jdk.zipfs" type="simple" />
            <root url="jar://$USER_HOME$/.jdks/ms-17.0.16/lib/src.zip!/java.prefs" type="simple" />
            <root url="jar://$USER_HOME$/.jdks/ms-17.0.16/lib/src.zip!/jdk.attach" type="simple" />
            <root url="jar://$USER_HOME$/.jdks/ms-17.0.16/lib/src.zip!/jdk.jshell" type="simple" />
            <root url="jar://$USER_HOME$/.jdks/ms-17.0.16/lib/src.zip!/jdk.jstatd" type="simple" />
            <root url="jar://$USER_HOME$/.jdks/ms-17.0.16/lib/src.zip!/jdk.random" type="simple" />
            <root url="jar://$USER_HOME$/.jdks/ms-17.0.16/lib/src.zip!/java.naming" type="simple" />
            <root url="jar://$USER_HOME$/.jdks/ms-17.0.16/lib/src.zip!/jdk.editpad" type="simple" />
            <root url="jar://$USER_HOME$/.jdks/ms-17.0.16/lib/src.zip!/jdk.jartool" type="simple" />
            <root url="jar://$USER_HOME$/.jdks/ms-17.0.16/lib/src.zip!/jdk.javadoc" type="simple" />
            <root url="jar://$USER_HOME$/.jdks/ms-17.0.16/lib/src.zip!/jdk.xml.dom" type="simple" />
            <root url="jar://$USER_HOME$/.jdks/ms-17.0.16/lib/src.zip!/java.desktop" type="simple" />
            <root url="jar://$USER_HOME$/.jdks/ms-17.0.16/lib/src.zip!/java.logging" type="simple" />
            <root url="jar://$USER_HOME$/.jdks/ms-17.0.16/lib/src.zip!/jdk.charsets" type="simple" />
            <root url="jar://$USER_HOME$/.jdks/ms-17.0.16/lib/src.zip!/jdk.compiler" type="simple" />
            <root url="jar://$USER_HOME$/.jdks/ms-17.0.16/lib/src.zip!/jdk.dynalink" type="simple" />
            <root url="jar://$USER_HOME$/.jdks/ms-17.0.16/lib/src.zip!/jdk.jconsole" type="simple" />
            <root url="jar://$USER_HOME$/.jdks/ms-17.0.16/lib/src.zip!/jdk.jpackage" type="simple" />
            <root url="jar://$USER_HOME$/.jdks/ms-17.0.16/lib/src.zip!/jdk.jsobject" type="simple" />
            <root url="jar://$USER_HOME$/.jdks/ms-17.0.16/lib/src.zip!/java.compiler" type="simple" />
            <root url="jar://$USER_HOME$/.jdks/ms-17.0.16/lib/src.zip!/java.net.http" type="simple" />
            <root url="jar://$USER_HOME$/.jdks/ms-17.0.16/lib/src.zip!/jdk.crypto.ec" type="simple" />
            <root url="jar://$USER_HOME$/.jdks/ms-17.0.16/lib/src.zip!/java.scripting" type="simple" />
            <root url="jar://$USER_HOME$/.jdks/ms-17.0.16/lib/src.zip!/jdk.httpserver" type="simple" />
            <root url="jar://$USER_HOME$/.jdks/ms-17.0.16/lib/src.zip!/jdk.jdwp.agent" type="simple" />
            <root url="jar://$USER_HOME$/.jdks/ms-17.0.16/lib/src.zip!/jdk.localedata" type="simple" />
            <root url="jar://$USER_HOME$/.jdks/ms-17.0.16/lib/src.zip!/jdk.management" type="simple" />
            <root url="jar://$USER_HOME$/.jdks/ms-17.0.16/lib/src.zip!/jdk.naming.dns" type="simple" />
            <root url="jar://$USER_HOME$/.jdks/ms-17.0.16/lib/src.zip!/jdk.naming.rmi" type="simple" />
            <root url="jar://$USER_HOME$/.jdks/ms-17.0.16/lib/src.zip!/java.instrument" type="simple" />
            <root url="jar://$USER_HOME$/.jdks/ms-17.0.16/lib/src.zip!/java.management" type="simple" />
            <root url="jar://$USER_HOME$/.jdks/ms-17.0.16/lib/src.zip!/java.sql.rowset" type="simple" />
            <root url="jar://$USER_HOME$/.jdks/ms-17.0.16/lib/src.zip!/java.xml.crypto" type="simple" />
            <root url="jar://$USER_HOME$/.jdks/ms-17.0.16/lib/src.zip!/jdk.internal.ed" type="simple" />
            <root url="jar://$USER_HOME$/.jdks/ms-17.0.16/lib/src.zip!/jdk.internal.le" type="simple" />
            <root url="jar://$USER_HOME$/.jdks/ms-17.0.16/lib/src.zip!/jdk.nio.mapmode" type="simple" />
            <root url="jar://$USER_HOME$/.jdks/ms-17.0.16/lib/src.zip!/jdk.unsupported" type="simple" />
            <root url="jar://$USER_HOME$/.jdks/ms-17.0.16/lib/src.zip!/java.smartcardio" type="simple" />
            <root url="jar://$USER_HOME$/.jdks/ms-17.0.16/lib/src.zip!/jdk.internal.opt" type="simple" />
            <root url="jar://$USER_HOME$/.jdks/ms-17.0.16/lib/src.zip!/java.datatransfer" type="simple" />
            <root url="jar://$USER_HOME$/.jdks/ms-17.0.16/lib/src.zip!/jdk.accessibility" type="simple" />
            <root url="jar://$USER_HOME$/.jdks/ms-17.0.16/lib/src.zip!/jdk.crypto.mscapi" type="simple" />
            <root url="jar://$USER_HOME$/.jdks/ms-17.0.16/lib/src.zip!/jdk.hotspot.agent" type="simple" />
            <root url="jar://$USER_HOME$/.jdks/ms-17.0.16/lib/src.zip!/jdk.security.auth" type="simple" />
            <root url="jar://$USER_HOME$/.jdks/ms-17.0.16/lib/src.zip!/jdk.security.jgss" type="simple" />
            <root url="jar://$USER_HOME$/.jdks/ms-17.0.16/lib/src.zip!/java.security.jgss" type="simple" />
            <root url="jar://$USER_HOME$/.jdks/ms-17.0.16/lib/src.zip!/java.security.sasl" type="simple" />
            <root url="jar://$USER_HOME$/.jdks/ms-17.0.16/lib/src.zip!/jdk.internal.vm.ci" type="simple" />
            <root url="jar://$USER_HOME$/.jdks/ms-17.0.16/lib/src.zip!/jdk.management.jfr" type="simple" />
            <root url="jar://$USER_HOME$/.jdks/ms-17.0.16/lib/src.zip!/java.management.rmi" type="simple" />
            <root url="jar://$USER_HOME$/.jdks/ms-17.0.16/lib/src.zip!/java.transaction.xa" type="simple" />
            <root url="jar://$USER_HOME$/.jdks/ms-17.0.16/lib/src.zip!/jdk.crypto.cryptoki" type="simple" />
            <root url="jar://$USER_HOME$/.jdks/ms-17.0.16/lib/src.zip!/jdk.incubator.vector" type="simple" />
            <root url="jar://$USER_HOME$/.jdks/ms-17.0.16/lib/src.zip!/jdk.internal.jvmstat" type="simple" />
            <root url="jar://$USER_HOME$/.jdks/ms-17.0.16/lib/src.zip!/jdk.management.agent" type="simple" />
            <root url="jar://$USER_HOME$/.jdks/ms-17.0.16/lib/src.zip!/jdk.incubator.foreign" type="simple" />
            <root url="jar://$USER_HOME$/.jdks/ms-17.0.16/lib/src.zip!/jdk.unsupported.desktop" type="simple" />
            <root url="jar://$USER_HOME$/.jdks/ms-17.0.16/lib/src.zip!/jdk.internal.vm.compiler" type="simple" />
            <root url="jar://$USER_HOME$/.jdks/ms-17.0.16/lib/src.zip!/jdk.internal.vm.compiler.management" type="simple" />
          </root>
        </sourcePath>
      </roots>
    </jdk>
  </component>
</application>