<application>
  <component name="Trusted.Paths">
    <option name="TRUSTED_PROJECT_PATHS">
      <map>
        <entry key="C:\Users\bhall\StudioProjects\11206-2024-IntoTheDeep" value="true" />
        <entry key="C:\Users\bhall\StudioProjects\11206-2025-Decode" value="true" />
        <entry key="C:\Users\bhall\StudioProjects\30390-2025-Decode" value="true" />
        <entry key="C:\Users\bhall\StudioProjects\Decode" value="true" />
      </map>
    </option>
  </component>
  <component name="Trusted.Paths.Settings">
    <option name="TRUSTED_PATHS">
      <list>
        <option value="C:\Users\bhall\StudioProjects" />
      </list>
    </option>
  </component>
</application>