<application>
  <component name="DimensionService">
    <location key="WELCOME_SCREEN.0.0.1920.1200@144dpi" x="960" y="507" />
    <location key="find.popup.0.0.1920.1080" x="634" y="57" />
    <location key="find.popup.0.0.1920.1200@144dpi" x="635" y="63" />
    <size key="GridCell.Tab.0.left.0.0.1920.1080" width="1838" height="352" />
    <size key="GridCell.Tab.0.center.0.0.1920.1080" width="1838" height="352" />
    <size key="GridCell.Tab.0.right.0.0.1920.1080" width="1838" height="352" />
    <size key="GridCell.Tab.0.bottom.0.0.1920.1080" width="1838" height="352" />
    <size key="find.popup.0.0.1920.1080" width="816" height="576" />
    <size key="GridCell.Tab.0.left.0.0.1920.1200@144dpi" width="1799" height="480" />
    <size key="GridCell.Tab.0.center.0.0.1920.1200@144dpi" width="1799" height="480" />
    <size key="GridCell.Tab.0.right.0.0.1920.1200@144dpi" width="1799" height="480" />
    <size key="GridCell.Tab.0.bottom.0.0.1920.1200@144dpi" width="1799" height="480" />
    <size key="GridCell.Tab.1.left.0.0.1920.1200@144dpi" width="1799" height="366" />
    <size key="GridCell.Tab.1.center.0.0.1920.1200@144dpi" width="1799" height="366" />
    <size key="GridCell.Tab.1.right.0.0.1920.1200@144dpi" width="1799" height="366" />
    <size key="GridCell.Tab.1.bottom.0.0.1920.1200@144dpi" width="1799" height="366" />
    <size key="find.popup.0.0.1920.1200@144dpi" width="974" height="864" />
    <size key="GridCell.Tab.1.left.0.0.1920.1080" width="1838" height="350" />
    <size key="GridCell.Tab.1.center.0.0.1920.1080" width="1838" height="350" />
    <size key="GridCell.Tab.1.right.0.0.1920.1080" width="1838" height="350" />
    <size key="GridCell.Tab.1.bottom.0.0.1920.1080" width="1838" height="350" />
  </component>
  <component name="WindowManager">
    <frame x="0" y="0" width="1919" height="1127" extendedState="6" />
  </component>
  <component name="WindowStateApplicationService">
    <state width="617" height="159" key="ShowUsagesActions.dimensionServiceKey" timestamp="1762742288809">
      <screen x="0" y="0" width="1280" height="752" />
    </state>
    <state width="732" height="111" key="ShowUsagesActions.dimensionServiceKey/-1920.0.1280.768/0.0.1920.1032" timestamp="1762530621744" />
    <state width="617" height="159" key="ShowUsagesActions.dimensionServiceKey/0.0.1280.752" timestamp="1762742288809" />
    <state x="640" y="359" width="800" height="650" key="WELCOME_SCREEN" timestamp="1758991106413">
      <screen x="0" y="0" width="1280" height="752" />
    </state>
    <state x="960" y="492" width="1200" height="893" key="WELCOME_SCREEN/-1920.0.1280.768/0.0.1920.1032" timestamp="1758890250186" />
    <state x="640" y="359" width="800" height="650" key="WELCOME_SCREEN/0.0.1280.752" timestamp="1758991106413" />
  </component>
</application>